Location,Check-in Date,Check-out Date,Hotel Name,Room Type,Price
"Chattanooga Lovell Airport, TN, United States",07/04/2024,07/05/2024,Staybridge Suites: Chattanooga-Hamilton Place,1 Queen Studio Suite Kitchen Sofa Bed,118
"Chattanooga Lovell Airport, TN, United States",07/04/2024,07/05/2024,Staybridge Suites: Chattanooga-Hamilton Place,Studio Suite,118
"Chattanooga Lovell Airport, TN, United States",07/04/2024,07/05/2024,Staybridge Suites: Chattanooga-Hamilton Place,2 Dbl 1 Bdrm Suite Living Kitchen Areas,123
"Chattanooga Lovell Airport, TN, United States",07/04/2024,07/05/2024,Staybridge Suites: Chattanooga-Hamilton Place,1 King 1 Bdrm Suite Living Kitchen Areas,128
"Chattanooga Lovell Airport, TN, United States",07/04/2024,07/05/2024,Candlewood Suites: Chattanooga - East Ridge,1 Queen Studio Suite,99
"Chattanooga Lovell Airport, TN, United States",07/04/2024,07/05/2024,Candlewood Suites: Chattanooga - East Ridge,1 King Studio Suite,109
"Chattanooga Lovell Airport, TN, United States",07/04/2024,07/05/2024,Candlewood Suites: Chattanooga - East Ridge,Standard Suite,109
"Chattanooga Lovell Airport, TN, United States",07/04/2024,07/05/2024,Candlewood Suites: Chattanooga - East Ridge,One Bedroom Suite,113
"Chattanooga Lovell Airport, TN, United States",07/04/2024,07/05/2024,Candlewood Suites: Chattanooga - East Ridge,2 Queen Studio Suite,113
"Chattanooga Lovell Airport, TN, United States",07/04/2024,07/05/2024,Candlewood Suites: Chattanooga - East Ridge,Premium Suite,128
"Chattanooga Lovell Airport, TN, United States",07/04/2024,07/05/2024,Holiday Inn Express & Suites: Chattanooga (East Ridge),1 Queen Bed Standard With Sleeper Sofa,104
"Chattanooga Lovell Airport, TN, United States",07/04/2024,07/05/2024,Holiday Inn Express & Suites: Chattanooga (East Ridge),2 Queen Beds Standard,104
"Chattanooga Lovell Airport, TN, United States",07/04/2024,07/05/2024,Holiday Inn Express & Suites: Chattanooga (East Ridge),1 King Bed Standard,107
"Chattanooga Lovell Airport, TN, United States",07/04/2024,07/05/2024,Holiday Inn Express & Suites: Chattanooga (East Ridge),1 King Bed Suite,113
"Chattanooga Lovell Airport, TN, United States",07/04/2024,07/05/2024,Holiday Inn Express & Suites: Chattanooga (East Ridge),Standard Room,113
"Chattanooga Lovell Airport, TN, United States",07/04/2024,07/05/2024,Holiday Inn Express & Suites: Chattanooga (East Ridge),2 Queen Beds Suite,118
"Chattanooga Lovell Airport, TN, United States",07/04/2024,07/05/2024,Holiday Inn & Suites: Chattanooga Downtown,Standard Room,123
"Chattanooga Lovell Airport, TN, United States",07/04/2024,07/05/2024,Holiday Inn & Suites: Chattanooga Downtown,1 King Bed Standard Sofa Bed,128
"Chattanooga Lovell Airport, TN, United States",07/04/2024,07/05/2024,Holiday Inn & Suites: Chattanooga Downtown,2 Queen Beds Standard,128
"Chattanooga Lovell Airport, TN, United States",07/04/2024,07/05/2024,Holiday Inn & Suites: Chattanooga Downtown,2 Queen Beds Standard City View,137
"Chattanooga Lovell Airport, TN, United States",07/04/2024,07/05/2024,Holiday Inn & Suites: Chattanooga Downtown,1 King Bed Suite Sofa Bed,156
"Chattanooga Lovell Airport, TN, United States",07/04/2024,07/05/2024,Hotel Indigo: Chattanooga - Downtown,1 King Bed Standard,130
"Chattanooga Lovell Airport, TN, United States",07/04/2024,07/05/2024,Hotel Indigo: Chattanooga - Downtown,Standard Room,130
"Chattanooga Lovell Airport, TN, United States",07/04/2024,07/05/2024,Hotel Indigo: Chattanooga - Downtown,2 Queen Beds Standard,145
"Chattanooga Lovell Airport, TN, United States",07/04/2024,07/05/2024,Hotel Indigo: Chattanooga - Downtown,1 King Bed 1 Bedroom Suite,179
"Chattanooga Lovell Airport, TN, United States",07/04/2024,07/05/2024,Staybridge Suites: Chattanooga Dwtn - Conv Ctnr,1 Queen Studio Suite Sofa Bed,123
"Chattanooga Lovell Airport, TN, United States",07/04/2024,07/05/2024,Staybridge Suites: Chattanooga Dwtn - Conv Ctnr,1 King Suite,132
"Chattanooga Lovell Airport, TN, United States",07/04/2024,07/05/2024,Staybridge Suites: Chattanooga Dwtn - Conv Ctnr,2 Double Suite Sofa Bed,132
"Chattanooga Lovell Airport, TN, United States",07/04/2024,07/05/2024,Staybridge Suites: Chattanooga Dwtn - Conv Ctnr,Standard Suite,132
"Chattanooga Lovell Airport, TN, United States",07/04/2024,07/05/2024,Staybridge Suites: Chattanooga Dwtn - Conv Ctnr,2 Bedroom Suite,246
"Chattanooga Lovell Airport, TN, United States",07/04/2024,07/05/2024,Holiday Inn Express & Suites: Chattanooga-Hixson,1 King Standard,99
"Chattanooga Lovell Airport, TN, United States",07/04/2024,07/05/2024,Holiday Inn Express & Suites: Chattanooga-Hixson,2 Queen Standard,113
"Chattanooga Lovell Airport, TN, United States",07/04/2024,07/05/2024,Holiday Inn Express & Suites: Chattanooga-Hixson,1 King Suite,128
"Chattanooga Lovell Airport, TN, United States",07/04/2024,07/05/2024,Holiday Inn Express & Suites: Chattanooga-Hixson,2 Queen Suite,132
"Chattanooga Lovell Airport, TN, United States",07/04/2024,07/05/2024,Holiday Inn Express & Suites: Chattanooga-Hixson,Standard Room,132
"Chattanooga Lovell Airport, TN, United States",07/04/2024,07/05/2024,Holiday Inn Express & Suites: Chattanooga Downtown,1 King Standard,116
"Chattanooga Lovell Airport, TN, United States",07/04/2024,07/05/2024,Holiday Inn Express & Suites: Chattanooga Downtown,Standard Room,116
"Chattanooga Lovell Airport, TN, United States",07/04/2024,07/05/2024,Holiday Inn Express & Suites: Chattanooga Downtown,1 King Suite,130
"Chattanooga Lovell Airport, TN, United States",07/04/2024,07/05/2024,Holiday Inn Express & Suites: Chattanooga Downtown,2 Queen Standard,135
"Chattanooga Lovell Airport, TN, United States",07/04/2024,07/05/2024,Holiday Inn Express & Suites: Ooltewah Springs-Chattanooga,2 Queen Standard,104
"Chattanooga Lovell Airport, TN, United States",07/04/2024,07/05/2024,Holiday Inn Express & Suites: Ooltewah Springs-Chattanooga,1 King Suite,137
"Chattanooga Lovell Airport, TN, United States",07/04/2024,07/05/2024,Holiday Inn Express & Suites: Ooltewah Springs-Chattanooga,2 Queen Suite,142
"Chattanooga Lovell Airport, TN, United States",07/04/2024,07/05/2024,Holiday Inn Express & Suites: Ooltewah Springs-Chattanooga,1 King Standard,151
"Chattanooga Lovell Airport, TN, United States",07/04/2024,07/05/2024,Holiday Inn Express & Suites: Ooltewah Springs-Chattanooga,STANDARD ROOM,199
"Chattanooga Lovell Airport, TN, United States",07/04/2024,07/05/2024,avid hotels: Chattanooga South - Ringgold,1 King Standard,99
"Chattanooga Lovell Airport, TN, United States",07/04/2024,07/05/2024,avid hotels: Chattanooga South - Ringgold,2 Queen Standard,99
"Chattanooga Lovell Airport, TN, United States",07/04/2024,07/05/2024,avid hotels: Chattanooga South - Ringgold,Standard Room,99
"Chattanooga Lovell Airport, TN, United States",07/04/2024,07/05/2024,Holiday Inn Express: Ringgold (Chattanooga Area),2 Queen Beds Standard,113
"Chattanooga Lovell Airport, TN, United States",07/04/2024,07/05/2024,Holiday Inn Express: Ringgold (Chattanooga Area),Standard Room,113
"Chattanooga Lovell Airport, TN, United States",07/04/2024,07/05/2024,Holiday Inn Express: Ringgold (Chattanooga Area),1 King Bed Standard,123
"Chattanooga Lovell Airport, TN, United States",07/04/2024,07/05/2024,Holiday Inn Express: Ringgold (Chattanooga Area),1 King Bed Suite Sofa Bed,147
"Chattanooga Lovell Airport, TN, United States",07/04/2024,07/05/2024,Holiday Inn Express: Ringgold (Chattanooga Area),1 King Bed Suite Jetted Tub Sofa Bed,151
"Chattanooga Lovell Airport, TN, United States",07/04/2024,07/05/2024,Holiday Inn Express: Ringgold (Chattanooga Area),2 Queen Beds Suite Sofa Bed,166
"Chattanooga Lovell Airport, TN, United States",07/04/2024,07/05/2024,Holiday Inn Express & Suites: Chattanooga-Lookout Mtn,2 Queen Standard,123
"Chattanooga Lovell Airport, TN, United States",07/04/2024,07/05/2024,Holiday Inn Express & Suites: Chattanooga-Lookout Mtn,Standard Room,123
"Chattanooga Lovell Airport, TN, United States",07/04/2024,07/05/2024,Holiday Inn Express & Suites: Chattanooga-Lookout Mtn,1 King Bed Suite Wet Bar Sofa Bed,132
"Chattanooga Lovell Airport, TN, United States",07/04/2024,07/05/2024,Holiday Inn Express & Suites: Chattanooga-Lookout Mtn,1 King Suite Sofa Bed,132
"Chattanooga Lovell Airport, TN, United States",07/04/2024,07/05/2024,Holiday Inn Express & Suites: Chattanooga-Lookout Mtn,2 Queen Suite Dry Bar Sofa Bed,142
"Chattanooga Lovell Airport, TN, United States",07/04/2024,07/05/2024,Holiday Inn Express & Suites: Chattanooga-Lookout Mtn,Specialty Room,142
"Chattanooga Lovell Airport, TN, United States",07/04/2024,07/05/2024,Holiday Inn Express & Suites: Chattanooga-Lookout Mtn,1 King Bed Standard Corner Room,151
"Chattanooga Lovell Airport, TN, United States",07/04/2024,07/05/2024,Holiday Inn: Cleveland,1 King Bed Standard With Trundle Bed,118
"Chattanooga Lovell Airport, TN, United States",07/04/2024,07/05/2024,Holiday Inn: Cleveland,1 King Bed Standard Sofa Bed,118
"Chattanooga Lovell Airport, TN, United States",07/04/2024,07/05/2024,Holiday Inn: Cleveland,2 Queen Beds Standard,118
"Chattanooga Lovell Airport, TN, United States",07/04/2024,07/05/2024,Holiday Inn: Cleveland,STANDARD ROOM,123
"Chattanooga Lovell Airport, TN, United States",07/04/2024,07/05/2024,Holiday Inn: Cleveland,1 King Bed Suite With Sofa Bed,132
"Chattanooga Lovell Airport, TN, United States",07/04/2024,07/05/2024,Holiday Inn: Cleveland,1 King Bed 1 Bdrm Suite With Living Area,147
"Chattanooga Lovell Airport, TN, United States",07/04/2024,07/05/2024,Holiday Inn Express & Suites: Dalton - Market St,1 King Standard,142
"Chattanooga Lovell Airport, TN, United States",07/04/2024,07/05/2024,Holiday Inn Express & Suites: Dalton - Market St,2 Queen Standard,142
"Chattanooga Lovell Airport, TN, United States",07/04/2024,07/05/2024,Holiday Inn Express & Suites: Dalton - Market St,2 Queen Suite,161
"Chattanooga Lovell Airport, TN, United States",07/04/2024,07/05/2024,Holiday Inn Express & Suites: Dalton - Market St,1 King Suite,161
"Chattanooga Lovell Airport, TN, United States",07/04/2024,07/05/2024,Holiday Inn Express & Suites: Dalton - Market St,Standard Room,161
"Chattanooga Lovell Airport, TN, United States",07/04/2024,07/05/2024,Holiday Inn Express & Suites: Cleveland Northwest,1 King Bed Standard,118
"Chattanooga Lovell Airport, TN, United States",07/04/2024,07/05/2024,Holiday Inn Express & Suites: Cleveland Northwest,2 Queen Beds Standard,118
"Chattanooga Lovell Airport, TN, United States",07/04/2024,07/05/2024,Holiday Inn Express & Suites: Cleveland Northwest,1 King Bed Suite Additional Living Area,147
"Chattanooga Lovell Airport, TN, United States",07/04/2024,07/05/2024,Holiday Inn Express & Suites: Cleveland Northwest,2 Queen Beds Suite Addl Living Area,156
"Chattanooga Lovell Airport, TN, United States",07/04/2024,07/05/2024,Holiday Inn Express & Suites: Cleveland Northwest,1 King Bed Suite Extra Floor Space,156
"Chattanooga Lovell Airport, TN, United States",07/04/2024,07/05/2024,Holiday Inn Express & Suites: Cleveland Northwest,Standard Room,156
"Chattanooga Lovell Airport, TN, United States",07/04/2024,07/05/2024,Holiday Inn Express & Suites: Cleveland Northwest,2 Queen Beds 1 Bedroom Suite,170
"Chattanooga Lovell Airport, TN, United States",07/04/2024,07/05/2024,Holiday Inn Express & Suites: Kimball,1 King Standard,123
"Chattanooga Lovell Airport, TN, United States",07/04/2024,07/05/2024,Holiday Inn Express & Suites: Kimball,2 Queen Standard,123
"Chattanooga Lovell Airport, TN, United States",07/04/2024,07/05/2024,Holiday Inn Express & Suites: Kimball,1 King Suite Additional Living Area,142
"Chattanooga Lovell Airport, TN, United States",07/04/2024,07/05/2024,Holiday Inn Express & Suites: Kimball,Standard Room,142
"Chattanooga Lovell Airport, TN, United States",07/04/2024,07/05/2024,Holiday Inn Express & Suites: Kimball,2 Queen Suite Sofa Bed,161
"Chattanooga Lovell Airport, TN, United States",07/04/2024,07/05/2024,Holiday Inn Express: Dayton,1 King Bed Standard Extra Floor Space,138
"Chattanooga Lovell Airport, TN, United States",07/04/2024,07/05/2024,Holiday Inn Express: Dayton,1 Queen Bed Standard,143
"Chattanooga Lovell Airport, TN, United States",07/04/2024,07/05/2024,Holiday Inn Express: Dayton,2 Queen Beds Standard,143
"Chattanooga Lovell Airport, TN, United States",07/04/2024,07/05/2024,Holiday Inn Express: Dayton,Standard Room,143
"Chattanooga Lovell Airport, TN, United States",07/04/2024,07/05/2024,Holiday Inn Express: Dayton,1 King Bed Standard,148
"Chattanooga Lovell Airport, TN, United States",07/04/2024,07/05/2024,Holiday Inn Express: Dayton,1 King Bed Standard Mountain View,148
"Chattanooga Lovell Airport, TN, United States",07/04/2024,07/05/2024,Holiday Inn Express: Dayton,2 Queen Beds Standard Mountain View,148
